{
    "axis_max": [
        70.85600528421952,
        87.46580391508942,
        -27.71142810026349
    ],
    "axis_min": [
        -29.143994715780472,
        -12.534196084910569,
        -127.71142810026349
    ],
    "bounding_polygon": [
        [
            -29.143994715780472,
            -12.534196084910569,
            -127.71142810026349
        ],
        [
            70.85600528421952,
            -12.534196084910569,
            -127.71142810026349
        ],
        [
            70.85600528421952,
            87.46580391508942,
            -127.71142810026349
        ],
        [
            -29.143994715780472,
            87.46580391508942,
            -127.71142810026349
        ],
        [
            -29.143994715780472,
            -12.534196084910569,
            -27.71142810026349
        ],
        [
            70.85600528421952,
            -12.534196084910569,
            -27.71142810026349
        ],
        [
            70.85600528421952,
            87.46580391508942,
            -27.71142810026349
        ],
        [
            -29.143994715780472,
            87.46580391508942,
            -27.71142810026349
        ]
    ],
    "class_name": "SelectionPolygonVolume",
    "orthogonal_axis": "Y",
    "version_major": 1,
    "version_minor": 0
}